"","V1"
"Armenia",8.0574807125487e-07
"Afghanistan",1.39108881414571e-06
"Albania",9.25534765460779e-07
"Algeria",7.97149189280092e-07
"Angola",8.21955890383576e-07
"Antigua and Barbuda",2.34027560620015e-07
"Argentina",1.80319342821009e-06
"Australia",2.3250007830697e-06
"Austria",8.99301804991677e-07
"Bahamas",3.41623059833766e-07
"Bahrain",3.81420163118156e-07
"Barbados",8.78460250735827e-07
"Belgium-Luxembourg",NA
"Bangladesh",7.75276782688557e-07
"Bolivia (Plurinational State of)",3.29507431360227e-06
"Botswana",4.46534598986204e-06
"Brazil",1.93877473916479e-06
"Belize",5.66419129565569e-07
"Solomon Islands",1.69761318761837e-07
"Brunei Darussalam",4.72028439030193e-06
"Bulgaria",5.19270991972843e-07
"Myanmar",7.69085646653766e-07
"Burundi",4.38775005991038e-07
"Cameroon",9.16294517188391e-07
"Canada",8.09366844738407e-07
"Cabo Verde",1.07168829171183e-06
"Central African Republic",4.18719030100887e-06
"Sri Lanka",4.11998706367852e-07
"Chad",1.30141048154244e-05
"Chile",7.625957886722e-07
"China, mainland",5.54060600573578e-07
"Colombia",1.51742985911817e-06
"Congo",3.10918968551377e-07
"Costa Rica",4.76062165942877e-07
"Cuba",1.23756066367361e-06
"Cyprus",1.28373425619653e-06
"Czechoslovakia",NA
"Azerbaijan",1.10583641892494e-06
"Benin",8.18344592001157e-07
"Denmark",9.11517932198073e-07
"Dominica",5.19326169026388e-07
"Dominican Republic",9.33352155977646e-07
"Belarus",1.07109859505999e-06
"Ecuador",6.99171160338772e-07
"Egypt",6.46167032671174e-07
"El Salvador",9.48912997171801e-07
"Estonia",5.12039320093732e-07
"Fiji",6.99678561747884e-07
"Finland",1.06920914601462e-06
"France",7.95039886708947e-07
"French Polynesia",1.4488434539863e-07
"Djibouti",7.56308741477725e-06
"Georgia",1.2205456838732e-06
"Gabon",3.98945088453207e-07
"Gambia",2.68570846984217e-06
"Germany",7.99334705340843e-07
"Bosnia and Herzegovina",9.26245367846207e-07
"Ghana",3.51795887465406e-07
"Kiribati",5.10554787428847e-08
"Greece",9.52848247534322e-07
"Grenada",2.2332599248238e-07
"Guatemala",9.47816317026348e-07
"Guinea",2.43475496184055e-06
"Guyana",6.99144377464515e-07
"Haiti",1.75383610995937e-06
"Honduras",1.42803303493008e-06
"China, Hong Kong SAR",7.25460144820849e-07
"Hungary",5.81861997944001e-07
"Croatia",6.05762602786553e-07
"Iceland",4.56210587604791e-07
"India",5.62084477158274e-07
"Indonesia",7.21174840794828e-07
"Iran (Islamic Republic of)",8.55098611251223e-07
"Iraq",2.06997620086893e-06
"Ireland",2.24589699595564e-06
"Israel",8.01958565626395e-07
"Italy",8.1804152597656e-07
"Côte d'Ivoire",5.32060468458553e-07
"Kazakhstan",1.02727862184705e-06
"Jamaica",5.81214477761978e-07
"Japan",5.35728350288401e-07
"Jordan",1.14857521079289e-06
"Kyrgyzstan",9.99012864906005e-07
"Kenya",2.72952549039717e-06
"Cambodia",8.08985082888722e-07
"Democratic People's Republic of Korea",5.52611759110536e-07
"Republic of Korea",6.75719787269094e-07
"Kuwait",3.86697135067728e-06
"Latvia",5.63409699132071e-07
"Lao People's Democratic Republic",1.35792171815426e-06
"Lebanon",1.57610241238288e-06
"Lesotho",3.20735379306853e-06
"Liberia",5.2776548682268e-07
"Libya",1.94663007426438e-06
"Lithuania",6.13277349181281e-07
"China, Macao SAR",3.10924851763544e-06
"Madagascar",1.9784100070078e-06
"Malawi",8.88582911322745e-07
"Malaysia",4.94728758457534e-07
"Maldives",2.02155059056556e-08
"Mali",2.13960145910781e-06
"Malta",5.84652132570938e-07
"Mauritania",5.86855550288433e-06
"Mauritius",6.47759150830185e-07
"Mexico",1.10867485825181e-06
"Mongolia",1.31484733405752e-05
"Morocco",9.45655035483431e-07
"Mozambique",7.31452213369035e-07
"Republic of Moldova",5.12953123517495e-07
"Namibia",1.32838273762914e-06
"Nepal",7.61914105894053e-07
"Netherlands",9.79367463454741e-07
"Netherlands Antilles",NA
"New Caledonia",4.14550543202284e-06
"North Macedonia",5.63727942627865e-07
"Vanuatu",1.83521419521181e-06
"New Zealand",2.92625869582774e-06
"Nicaragua",2.55360422476196e-06
"Niger",3.04136396835782e-06
"Nigeria",7.54915152859179e-07
"Norway",9.57656899136419e-07
"Pakistan",1.27311790984806e-06
"Panama",1.54892395609044e-06
"Czech Republic",5.0816515417925e-07
"Papua New Guinea",1.25502985242103e-07
"Paraguay",3.4846083770989e-06
"Peru",7.93087159732053e-07
"Philippines",5.0460175983094e-07
"Poland",6.93720712531057e-07
"Portugal",8.66527713588365e-07
"Guinea-Bissau",2.89530477989054e-06
"Timor-Leste",3.11062942960633e-06
"Puerto Rico",NA
"Eritrea",6.36744294481446e-08
"Qatar",3.22778448001294e-05
"Zimbabwe",2.69873887855933e-06
"Romania",6.37746456261093e-07
"Rwanda",6.24669560504667e-07
"Russian Federation",5.83502694026521e-07
"Serbia and Montenegro",NA
"Saint Kitts and Nevis",1.47522485071339e-07
"Saint Lucia",2.54684104120302e-07
"Saint Vincent and the Grenadines",1.93996141817142e-07
"Sao Tome and Principe",1.68437969512584e-07
"Saudi Arabia",2.62846422847079e-06
"Senegal",2.82609265576096e-06
"Sierra Leone",6.04408609910017e-07
"Slovenia",8.00929929693593e-07
"Slovakia",4.92628100153572e-07
"Singapore",4.93518909522252e-07
"Somalia",5.28813868224713e-06
"South Africa",1.20807334717435e-06
"Spain",9.41930789712376e-07
"Suriname",6.90930602804161e-07
"Tajikistan",9.09352467923047e-07
"Eswatini",1.34285420524728e-06
"Sweden",9.39416448234238e-07
"Switzerland",8.93531442455602e-07
"Syrian Arab Republic",1.17211417444272e-06
"Turkmenistan",2.83612092201548e-06
"China, Taiwan Province of",5.05261737060204e-07
"United Republic of Tanzania",1.54160830304665e-06
"Thailand",5.05511354862271e-07
"Togo",1.325268289597e-06
"Trinidad and Tobago",1.89312363249541e-06
"Oman",2.31374995797452e-06
"Tunisia",9.72836783069707e-07
"Turkey",9.75290013777478e-07
"United Arab Emirates",2.70523230598133e-06
"Uganda",1.31400352532727e-06
"USSR",NA
"United Kingdom",1.13930385519681e-06
"Ukraine",3.69142456174466e-07
"United States of America",9.03408697391312e-07
"Burkina Faso",2.97946127329085e-06
"Uruguay",4.07400122291179e-06
"Uzbekistan",1.02105671998794e-06
"Venezuela (Bolivarian Republic of)",2.55659935884374e-06
"Viet Nam",6.76040965820016e-07
"Ethiopia",3.2078739552994e-06
"Samoa",6.61850496341166e-07
"Yugoslav SFR",NA
"Yemen",3.12939281426929e-06
"Democratic Republic of the Congo",2.3327884030195e-07
"Zambia",1.20600325496809e-06
"Belgium",7.65627173088096e-07
"Luxembourg",9.33421310759044e-07
"Serbia",7.16487746066739e-07
"Montenegro",8.70710234795521e-07
"Sudan",4.05770235738929e-06
"South Sudan",3.35361067825116e-06
"RoW",5.94460719653e-07
