"","V1"
"Armenia",7.20856729020228e-07
"Afghanistan",1.27381718106292e-06
"Albania",9.83805121264693e-07
"Algeria",8.01924236123665e-07
"Angola",8.4443742531284e-07
"Antigua and Barbuda",2.09151854495294e-07
"Argentina",1.68393210205115e-06
"Australia",2.01363848360686e-06
"Austria",8.88923648330393e-07
"Bahamas",2.82783357123076e-07
"Bahrain",4.00310297113735e-07
"Barbados",9.3761613825911e-07
"Belgium-Luxembourg",NA
"Bangladesh",8.75673971292589e-07
"Bolivia (Plurinational State of)",3.32529379612733e-06
"Botswana",4.97048562432713e-06
"Brazil",2.00380690486609e-06
"Belize",6.65785765575037e-07
"Solomon Islands",1.52601092268954e-07
"Brunei Darussalam",1.60436791950651e-05
"Bulgaria",5.32744056746707e-07
"Myanmar",1.56021667665855e-06
"Burundi",4.84950611866963e-07
"Cameroon",9.38076951204911e-07
"Canada",7.70999372367121e-07
"Cabo Verde",1.13474408811199e-06
"Central African Republic",4.30398078269882e-06
"Sri Lanka",4.2905523829652e-07
"Chad",1.09767197176814e-05
"Chile",8.11420971426117e-07
"China, mainland",5.66897816643513e-07
"Colombia",1.32848783131695e-06
"Congo",3.32967524344809e-07
"Costa Rica",4.79471242643715e-07
"Cuba",1.18555100911628e-06
"Cyprus",1.13131002527798e-06
"Czechoslovakia",NA
"Azerbaijan",1.19815088910138e-06
"Benin",8.29010288475897e-07
"Denmark",8.954649831698e-07
"Dominica",5.15546962665822e-07
"Dominican Republic",1.06166363085935e-06
"Belarus",1.09953964647479e-06
"Ecuador",6.76201290827163e-07
"Egypt",7.05343244651042e-07
"El Salvador",1.02385459030118e-06
"Estonia",5.41362397562284e-07
"Fiji",6.81500245009923e-07
"Finland",1.02133060904627e-06
"France",8.74370967941431e-07
"French Polynesia",1.46049387194737e-07
"Djibouti",1.0957396322032e-05
"Georgia",1.30411980737394e-06
"Gabon",4.08044868722e-07
"Gambia",2.02608166154872e-06
"Germany",7.86278761922017e-07
"Bosnia and Herzegovina",9.20340020696897e-07
"Ghana",3.32714207841028e-07
"Kiribati",5.15828508294758e-08
"Greece",9.4901977951223e-07
"Grenada",2.11910089324144e-07
"Guatemala",9.40639038327813e-07
"Guinea",2.19127087927118e-06
"Guyana",8.21212532555339e-07
"Haiti",1.57631424888668e-06
"Honduras",1.43946089785694e-06
"China, Hong Kong SAR",8.45383710487784e-07
"Hungary",5.47842953043416e-07
"Croatia",6.44114048599282e-07
"Iceland",4.074190891595e-07
"India",5.93265842630517e-07
"Indonesia",6.72910232143917e-07
"Iran (Islamic Republic of)",7.6635041981108e-07
"Iraq",1.79396532895877e-06
"Ireland",2.91472387438356e-06
"Israel",8.12897400341276e-07
"Italy",8.33860855773258e-07
"Côte d'Ivoire",4.57753465228724e-07
"Kazakhstan",1.02992907515351e-06
"Jamaica",5.55400406816368e-07
"Japan",5.15451750309893e-07
"Jordan",1.25774194801365e-06
"Kyrgyzstan",9.50584039831214e-07
"Kenya",2.67495911953997e-06
"Cambodia",8.53745052564684e-07
"Democratic People's Republic of Korea",5.39475624828785e-07
"Republic of Korea",6.7295187197034e-07
"Kuwait",3.81921835375239e-06
"Latvia",4.9338423354185e-07
"Lao People's Democratic Republic",1.61375721158379e-06
"Lebanon",1.29249188004081e-06
"Lesotho",3.80461591253585e-06
"Liberia",5.00690366577124e-07
"Libya",2.54555800349477e-06
"Lithuania",5.47179215158175e-07
"China, Macao SAR",3.05829995059257e-06
"Madagascar",2.11356806444245e-06
"Malawi",8.68899893936075e-07
"Malaysia",4.90264148555233e-07
"Maldives",1.8426953765183e-08
"Mali",2.18183079288062e-06
"Malta",6.46208167292382e-07
"Mauritania",6.26008781055389e-06
"Mauritius",5.08868182385368e-07
"Mexico",1.12619394906082e-06
"Mongolia",1.40101503871942e-05
"Morocco",1.13713688751487e-06
"Mozambique",8.8382639058563e-07
"Republic of Moldova",4.69837583692704e-07
"Namibia",2.23046713633177e-06
"Nepal",7.21351263752649e-07
"Netherlands",9.2243737941843e-07
"Netherlands Antilles",NA
"New Caledonia",3.62378625858981e-06
"North Macedonia",6.23338382376031e-07
"Vanuatu",1.79662095372998e-06
"New Zealand",2.73346338127322e-06
"Nicaragua",2.62027391836939e-06
"Niger",3.29659973472475e-06
"Nigeria",8.50553644352006e-07
"Norway",9.43970687299321e-07
"Pakistan",1.3941424397182e-06
"Panama",1.57808445644411e-06
"Czech Republic",5.19814695635366e-07
"Papua New Guinea",1.27572634065486e-07
"Paraguay",3.32552062867052e-06
"Peru",8.84209938605748e-07
"Philippines",5.01770637101259e-07
"Poland",6.41525827559952e-07
"Portugal",8.15839958737853e-07
"Guinea-Bissau",2.702311540711e-06
"Timor-Leste",2.17405005154604e-06
"Puerto Rico",NA
"Eritrea",6.59731621914399e-08
"Qatar",7.33975342527473e-07
"Zimbabwe",3.29009024111005e-06
"Romania",7.40077618256027e-07
"Rwanda",7.23058174720856e-07
"Russian Federation",6.23712520703058e-07
"Serbia and Montenegro",NA
"Saint Kitts and Nevis",1.79473385049063e-07
"Saint Lucia",2.78840572652306e-07
"Saint Vincent and the Grenadines",1.61256406152472e-07
"Sao Tome and Principe",7.01010563807477e-08
"Saudi Arabia",3.70289581537546e-06
"Senegal",3.61243290215717e-06
"Sierra Leone",4.84242410554702e-07
"Slovenia",8.22654218430503e-07
"Slovakia",4.76790478062328e-07
"Singapore",3.08369680956493e-07
"Somalia",2.05732326324949e-06
"South Africa",1.3160892457119e-06
"Spain",8.98881806056548e-07
"Suriname",6.19756896675625e-07
"Tajikistan",1.09962070506937e-06
"Eswatini",1.34805023362651e-06
"Sweden",9.34736383979434e-07
"Switzerland",9.0093766072012e-07
"Syrian Arab Republic",1.04787611064307e-06
"Turkmenistan",2.72657858430181e-06
"China, Taiwan Province of",5.15298760051112e-07
"United Republic of Tanzania",1.93688787361637e-06
"Thailand",4.86957187592988e-07
"Togo",1.23221170629604e-06
"Trinidad and Tobago",1.71674710074225e-06
"Oman",2.42465423562147e-06
"Tunisia",9.72416549200538e-07
"Turkey",7.7032937372386e-07
"United Arab Emirates",1.34695107244549e-06
"Uganda",1.77953577631743e-06
"USSR",NA
"United Kingdom",1.11015429660315e-06
"Ukraine",3.92781633579928e-07
"United States of America",8.82317055881085e-07
"Burkina Faso",3.01955425514813e-06
"Uruguay",3.90105759908244e-06
"Uzbekistan",9.40204302537281e-07
"Venezuela (Bolivarian Republic of)",2.45763720000259e-06
"Viet Nam",7.23106769736536e-07
"Ethiopia",3.0512392529039e-06
"Samoa",9.78492486827978e-07
"Yugoslav SFR",NA
"Yemen",3.48798236196995e-06
"Democratic Republic of the Congo",2.41779849446488e-07
"Zambia",1.32491780582509e-06
"Belgium",9.56841217365619e-07
"Luxembourg",1.05460376069641e-06
"Serbia",7.26714871751848e-07
"Montenegro",1.16704281068876e-06
"Sudan",4.35798340351398e-06
"South Sudan",1.78568648964901e-06
"RoW",5.87243886755274e-07
