"","V1"
"Armenia",6.81896999814825e-07
"Afghanistan",1.27776721755243e-06
"Albania",1.17566454601623e-06
"Algeria",8.92611817858649e-07
"Angola",9.69529500330088e-07
"Antigua and Barbuda",7.14183191674236e-07
"Argentina",1.90861653837488e-06
"Australia",2.15625174513197e-06
"Austria",8.5496203992116e-07
"Bahamas",4.5142060894331e-07
"Bahrain",9.83185255081734e-07
"Barbados",8.19731383307814e-07
"Belgium-Luxembourg",NA
"Bangladesh",8.60914647983652e-07
"Bolivia (Plurinational State of)",3.66580618069775e-06
"Botswana",1.12345647572729e-05
"Brazil",2.01140304000577e-06
"Belize",4.79926311327996e-07
"Solomon Islands",1.31610118253394e-07
"Brunei Darussalam",2.87487214670595e-06
"Bulgaria",7.09986896543036e-07
"Myanmar",1.30320204176085e-06
"Burundi",9.96801079062317e-08
"Cameroon",1.00158494766607e-06
"Canada",8.40185315577752e-07
"Cabo Verde",1.30078284750601e-06
"Central African Republic",3.68827185534282e-06
"Sri Lanka",4.73749251146159e-07
"Chad",1.09048809430705e-05
"Chile",8.04774756087096e-07
"China, mainland",6.18808309307168e-07
"Colombia",1.80750943509481e-06
"Congo",3.86150199338546e-07
"Costa Rica",4.83474785238089e-07
"Cuba",1.26860355643331e-06
"Cyprus",1.28617123981563e-06
"Czechoslovakia",NA
"Azerbaijan",1.12228176582397e-06
"Benin",1.20176104170457e-06
"Denmark",8.77394360391639e-07
"Dominica",5.58438463577778e-07
"Dominican Republic",1.3173269076568e-06
"Belarus",1.10017795409021e-06
"Ecuador",8.76625168663858e-07
"Egypt",6.7573017197007e-07
"El Salvador",1.23902792024578e-06
"Estonia",6.61601596077368e-07
"Fiji",1.65249418715946e-06
"Finland",1.00177941690074e-06
"France",8.48944582671674e-07
"French Polynesia",1.96563548838327e-07
"Djibouti",4.66319952702476e-06
"Georgia",1.15316235135247e-06
"Gabon",5.38767732702297e-07
"Gambia",2.43548066469627e-06
"Germany",7.92202104581501e-07
"Bosnia and Herzegovina",1.01203914830257e-06
"Ghana",3.56003656117607e-07
"Kiribati",8.45326534192546e-08
"Greece",9.14798133074112e-07
"Grenada",2.93034213441031e-07
"Guatemala",9.63417530545324e-07
"Guinea",1.83288646868202e-06
"Guyana",9.50726184578418e-07
"Haiti",1.77595869165242e-06
"Honduras",1.48062992114794e-06
"China, Hong Kong SAR",9.90397637906761e-07
"Hungary",6.02417786612777e-07
"Croatia",1.00850145668782e-06
"Iceland",5.51076631768976e-07
"India",6.87698465985377e-07
"Indonesia",6.93987500438616e-07
"Iran (Islamic Republic of)",8.42860825597738e-07
"Iraq",2.07272213071712e-06
"Ireland",2.43673609720137e-06
"Israel",7.17779628787551e-07
"Italy",7.78341378640615e-07
"Côte d'Ivoire",4.38566564280179e-07
"Kazakhstan",1.12834912828044e-06
"Jamaica",5.93418843064514e-07
"Japan",5.26709646536115e-07
"Jordan",1.0549340879551e-06
"Kyrgyzstan",9.78052053543299e-07
"Kenya",2.4640398778e-06
"Cambodia",1.47843513297899e-06
"Democratic People's Republic of Korea",5.02481065293153e-07
"Republic of Korea",5.6248573319565e-07
"Kuwait",5.01811073089825e-06
"Latvia",5.40802279847673e-07
"Lao People's Democratic Republic",1.91648902236304e-06
"Lebanon",1.70848632781284e-06
"Lesotho",4.88817623319471e-06
"Liberia",5.31054379979166e-07
"Libya",5.47083441764474e-07
"Lithuania",5.48364980118448e-07
"China, Macao SAR",3.28662996318453e-06
"Madagascar",2.05931120440656e-06
"Malawi",7.21784725498275e-07
"Malaysia",5.69680852805954e-07
"Maldives",2.59917122890612e-08
"Mali",2.56246113943419e-06
"Malta",7.4542825549287e-07
"Mauritania",8.65011422954718e-06
"Mauritius",6.69256956248005e-07
"Mexico",1.23234738327093e-06
"Mongolia",1.38739715289554e-05
"Morocco",9.19832578209361e-07
"Mozambique",6.12917323053212e-07
"Republic of Moldova",5.61387201518475e-07
"Namibia",2.56495798736757e-06
"Nepal",7.22558241915548e-07
"Netherlands",9.52802970254777e-07
"Netherlands Antilles",3.64371944989006e-08
"New Caledonia",3.67506078114479e-06
"North Macedonia",6.85334142472323e-07
"Vanuatu",1.54284029782711e-06
"New Zealand",1.76343818834419e-06
"Nicaragua",2.52018195281449e-06
"Niger",2.48698970648157e-06
"Nigeria",7.86260683033258e-07
"Norway",1.05257887343293e-06
"Pakistan",1.12561708340288e-06
"Panama",1.50712927504057e-06
"Czech Republic",6.25216229529054e-07
"Papua New Guinea",3.65683408580568e-07
"Paraguay",3.57285059769344e-06
"Peru",8.68669413716525e-07
"Philippines",5.52977198321488e-07
"Poland",6.81681832819047e-07
"Portugal",8.18305333907473e-07
"Guinea-Bissau",2.65947787074583e-06
"Timor-Leste",1.80519565914663e-06
"Puerto Rico",NA
"Eritrea",1.92402833324875e-06
"Qatar",1.17981347116704e-05
"Zimbabwe",3.63978007011106e-06
"Romania",7.97593544539696e-07
"Rwanda",4.80716161182884e-07
"Russian Federation",6.50281573665736e-07
"Serbia and Montenegro",NA
"Saint Kitts and Nevis",2.77874149264263e-07
"Saint Lucia",2.46503256115593e-07
"Saint Vincent and the Grenadines",2.52432259369314e-07
"Sao Tome and Principe",1.41579044001495e-07
"Saudi Arabia",2.03038849317752e-06
"Senegal",3.63465609894369e-06
"Sierra Leone",5.61839696080004e-07
"Slovenia",1.00595876052218e-06
"Slovakia",5.79357297890162e-07
"Singapore",2.94662312801556e-07
"Somalia",7.6779471463907e-06
"South Africa",1.30338775414798e-06
"Spain",1.00332629669326e-06
"Suriname",9.12647962967981e-07
"Tajikistan",1.39847807400997e-06
"Eswatini",2.05354026848553e-06
"Sweden",9.41822162039893e-07
"Switzerland",8.111594612906e-07
"Syrian Arab Republic",1.30707729047542e-07
"Turkmenistan",2.72953422833655e-06
"China, Taiwan Province of",5.92915474150626e-07
"United Republic of Tanzania",1.65849138967658e-06
"Thailand",5.87519151300098e-07
"Togo",1.03645527018294e-06
"Trinidad and Tobago",1.76935560415888e-06
"Oman",3.19894346156691e-06
"Tunisia",1.0148690138511e-06
"Turkey",7.02678494248139e-07
"United Arab Emirates",5.59969759981282e-06
"Uganda",1.44986894416402e-06
"USSR",NA
"United Kingdom",1.11224943430857e-06
"Ukraine",4.78691069704737e-07
"United States of America",9.00400772876456e-07
"Burkina Faso",2.77369888695219e-06
"Uruguay",3.39277174144592e-06
"Uzbekistan",1.19571432210709e-06
"Venezuela (Bolivarian Republic of)",2.68172103742903e-06
"Viet Nam",7.96893209480376e-07
"Ethiopia",3.2327317864341e-06
"Samoa",1.02994757807294e-06
"Yugoslav SFR",NA
"Yemen",2.96828724665326e-06
"Democratic Republic of the Congo",2.2403435760044e-06
"Zambia",1.50878222190417e-06
"Belgium",9.77236340882693e-07
"Luxembourg",8.48649253069444e-07
"Serbia",8.56135928547894e-07
"Montenegro",1.01441631306033e-06
"Sudan",2.85811876566465e-08
"South Sudan",NA
"RoW",0.000248574007414309
