"","V1"
"Armenia",9.36250444659088e-07
"Afghanistan",1.37821161699668e-06
"Albania",1.32647571581452e-06
"Algeria",9.27810851962673e-07
"Angola",1.27301950293361e-06
"Antigua and Barbuda",1.17634785240503e-06
"Argentina",1.93841134432229e-06
"Australia",2.15551396869591e-06
"Austria",8.45514002982579e-07
"Bahamas",5.18726796386363e-07
"Bahrain",3.35205145309502e-06
"Barbados",1.00341653925097e-06
"Belgium-Luxembourg",NA
"Bangladesh",8.78735495701603e-07
"Bolivia (Plurinational State of)",3.62717924887381e-06
"Botswana",7.52527661213208e-06
"Brazil",2.15364027718918e-06
"Belize",3.5314020496153e-07
"Solomon Islands",1.17795049949156e-07
"Brunei Darussalam",5.34992995961872e-06
"Bulgaria",8.50839771698121e-07
"Myanmar",1.26372502125431e-06
"Burundi",5.16690690151779e-08
"Cameroon",1.40301227924369e-06
"Canada",1.14830126108823e-06
"Cabo Verde",1.67099411820052e-06
"Central African Republic",3.45631313153808e-06
"Sri Lanka",4.70119348684231e-07
"Chad",8.67163576633239e-06
"Chile",7.86180436175351e-07
"China, mainland",6.882463513785e-07
"Colombia",1.66007661191867e-06
"Congo",2.68200100324031e-07
"Costa Rica",4.40054060284817e-07
"Cuba",1.05416556653646e-06
"Cyprus",9.97395632566392e-07
"Czechoslovakia",NA
"Azerbaijan",1.29061895937364e-06
"Benin",1.08074684291938e-06
"Denmark",1.06183175222908e-06
"Dominica",4.84671563737292e-07
"Dominican Republic",1.35736235587137e-06
"Belarus",1.26742321738917e-06
"Ecuador",9.7770942027693e-07
"Egypt",6.94530812420582e-07
"El Salvador",1.36280969646291e-06
"Estonia",8.82341004724364e-07
"Fiji",1.69037055228408e-06
"Finland",1.07994271160784e-06
"France",8.35436522810183e-07
"French Polynesia",2.09992105145172e-07
"Djibouti",6.30515102960269e-06
"Georgia",1.44190416173584e-06
"Gabon",5.58046622963931e-07
"Gambia",2.47719210426357e-06
"Germany",7.60282684907138e-07
"Bosnia and Herzegovina",9.51632394384676e-07
"Ghana",3.69771553640169e-07
"Kiribati",7.26031661252197e-08
"Greece",9.32955577568211e-07
"Grenada",2.21186534323658e-07
"Guatemala",1.03589522762826e-06
"Guinea",1.53506507155231e-06
"Guyana",8.14913140912429e-07
"Haiti",2.03586532906688e-06
"Honduras",1.53021382957692e-06
"China, Hong Kong SAR",1.25202951577815e-06
"Hungary",6.01451942454157e-07
"Croatia",1.19623175163627e-06
"Iceland",3.62366704902606e-07
"India",7.33705224492874e-07
"Indonesia",6.65437099066351e-07
"Iran (Islamic Republic of)",8.64021905546889e-07
"Iraq",1.63780799346078e-06
"Ireland",2.23178113500911e-06
"Israel",6.15996045194205e-07
"Italy",8.11798415306324e-07
"Côte d'Ivoire",5.15905269576037e-07
"Kazakhstan",1.14417164947812e-06
"Jamaica",7.8170118526274e-07
"Japan",5.35329344383909e-07
"Jordan",1.72249171931828e-06
"Kyrgyzstan",7.68742442685866e-07
"Kenya",2.06350456871512e-06
"Cambodia",1.55716928233273e-06
"Democratic People's Republic of Korea",4.88015449804605e-07
"Republic of Korea",5.37584329112819e-07
"Kuwait",9.1764113997218e-06
"Latvia",7.89249462494654e-07
"Lao People's Democratic Republic",1.54244268423758e-06
"Lebanon",9.96109273833182e-07
"Lesotho",3.06155714214036e-06
"Liberia",3.73385389368458e-07
"Libya",1.86693316059773e-07
"Lithuania",7.65141424052081e-07
"China, Macao SAR",3.54949498491763e-06
"Madagascar",2.05101821349811e-06
"Malawi",6.75064747664123e-07
"Malaysia",6.00327096535634e-07
"Maldives",1.3214661992846e-08
"Mali",2.89909612667308e-06
"Malta",8.49956374749584e-07
"Mauritania",8.37722095614874e-06
"Mauritius",4.21681595010089e-07
"Mexico",1.2285848937976e-06
"Mongolia",1.19975958434037e-05
"Morocco",9.6913328827768e-07
"Mozambique",6.81274933747712e-07
"Republic of Moldova",4.92639862206199e-07
"Namibia",2.54374316773304e-06
"Nepal",7.41496006813113e-07
"Netherlands",8.56280816041142e-07
"Netherlands Antilles",1.7240287134194e-08
"New Caledonia",5.10640012135025e-06
"North Macedonia",9.46250346451774e-07
"Vanuatu",1.59268562260093e-06
"New Zealand",1.93194999953835e-06
"Nicaragua",2.4503470000736e-06
"Niger",2.90095570892663e-06
"Nigeria",8.29723310048894e-07
"Norway",1.10090837832666e-06
"Pakistan",1.1060214412108e-06
"Panama",1.48344052789199e-06
"Czech Republic",6.50791041495909e-07
"Papua New Guinea",3.3703799777277e-07
"Paraguay",3.19297690212997e-06
"Peru",8.62540541903974e-07
"Philippines",6.12939398337477e-07
"Poland",6.93229778092605e-07
"Portugal",7.55229263745489e-07
"Guinea-Bissau",2.45352287197584e-06
"Timor-Leste",1.78422096485723e-06
"Puerto Rico",NA
"Eritrea",5.65216006734058e-07
"Qatar",8.63182874246201e-06
"Zimbabwe",2.72278415685619e-06
"Romania",7.21252299306272e-07
"Rwanda",3.89981089901813e-07
"Russian Federation",8.14121170796055e-07
"Serbia and Montenegro",8.98014495164427e-07
"Saint Kitts and Nevis",1.84074571932362e-07
"Saint Lucia",2.49796423739644e-07
"Saint Vincent and the Grenadines",1.94588108690973e-07
"Sao Tome and Principe",1.06999058603241e-07
"Saudi Arabia",1.84393829110022e-06
"Senegal",3.66937148451892e-06
"Sierra Leone",4.80311076559383e-07
"Slovenia",1.08677238924374e-06
"Slovakia",6.95771280375092e-07
"Singapore",1.51549219537243e-07
"Somalia",9.81265297269472e-06
"South Africa",1.34531641118529e-06
"Spain",9.962577412593e-07
"Suriname",9.45535712620363e-07
"Tajikistan",1.13976066206442e-06
"Eswatini",1.2583319734908e-06
"Sweden",9.34499357849568e-07
"Switzerland",8.54935640371711e-07
"Syrian Arab Republic",3.14309559748816e-07
"Turkmenistan",2.57222390299828e-06
"China, Taiwan Province of",5.96992773783648e-07
"United Republic of Tanzania",1.76501534759468e-06
"Thailand",6.68098749595088e-07
"Togo",1.09491894132405e-06
"Trinidad and Tobago",1.54412016666217e-06
"Oman",2.39117502139168e-06
"Tunisia",1.05604746232502e-06
"Turkey",8.20686504872048e-07
"United Arab Emirates",4.30484274092321e-06
"Uganda",8.82487580654235e-07
"USSR",NA
"United Kingdom",1.07122159420391e-06
"Ukraine",6.46231181406434e-07
"United States of America",9.25422843277186e-07
"Burkina Faso",2.32866685958392e-06
"Uruguay",5.06441776091486e-06
"Uzbekistan",1.15480128335458e-06
"Venezuela (Bolivarian Republic of)",2.74613606985229e-06
"Viet Nam",8.17311522357616e-07
"Ethiopia",2.80315940816498e-06
"Samoa",9.8097231032108e-07
"Yugoslav SFR",NA
"Yemen",3.08935763913696e-06
"Democratic Republic of the Congo",1.0673540773644e-06
"Zambia",1.38484506383757e-06
"Belgium",8.72950668921761e-07
"Luxembourg",9.75864862182603e-07
"Serbia",NA
"Montenegro",NA
"Sudan",2.39695019384356e-08
"South Sudan",NA
"RoW",7.76167001027885e-05
