"","V1"
"Armenia",6.76992727501017e-07
"Afghanistan",1.59470495965553e-06
"Albania",1.0642532830632e-06
"Algeria",8.97175805567057e-07
"Angola",9.37175623973736e-07
"Antigua and Barbuda",3.98137589076858e-07
"Argentina",1.52655930074855e-06
"Australia",2.18268716759638e-06
"Austria",7.59077993442562e-07
"Bahamas",3.65906457330358e-07
"Bahrain",1.13482397693419e-06
"Barbados",9.67582185965266e-07
"Belgium-Luxembourg",NA
"Bangladesh",8.37442757104292e-07
"Bolivia (Plurinational State of)",3.82428908055704e-06
"Botswana",5.74305183221195e-06
"Brazil",1.88275311538149e-06
"Belize",5.19716957136665e-07
"Solomon Islands",1.69387251967091e-07
"Brunei Darussalam",2.99565677502176e-06
"Bulgaria",6.1455462302127e-07
"Myanmar",1.29285331359758e-06
"Burundi",1.13454920423385e-07
"Cameroon",1.02955370661157e-06
"Canada",8.42016580875592e-07
"Cabo Verde",1.08303093867279e-06
"Central African Republic",3.78546572814697e-06
"Sri Lanka",4.80330393715632e-07
"Chad",1.09357489615658e-05
"Chile",8.03947026029892e-07
"China, mainland",5.85191818964959e-07
"Colombia",1.72608906455671e-06
"Congo",4.06976050762894e-07
"Costa Rica",4.66152817829438e-07
"Cuba",1.33775462712421e-06
"Cyprus",1.05780603979489e-06
"Czechoslovakia",NA
"Azerbaijan",1.21533084291625e-06
"Benin",1.09760784358114e-06
"Denmark",8.86372415730841e-07
"Dominica",5.6332777656537e-07
"Dominican Republic",1.25954974492586e-06
"Belarus",1.06497059824028e-06
"Ecuador",8.35640575325544e-07
"Egypt",7.31677778955773e-07
"El Salvador",1.12834790000559e-06
"Estonia",5.44617335907734e-07
"Fiji",1.58880466707751e-06
"Finland",9.83192645339263e-07
"France",7.74750618888772e-07
"French Polynesia",2.17804769008976e-07
"Djibouti",1.20538687705556e-05
"Georgia",1.2387301067743e-06
"Gabon",5.25997276828153e-07
"Gambia",2.09033715481752e-06
"Germany",7.69982698115996e-07
"Bosnia and Herzegovina",9.98909377148262e-07
"Ghana",3.48006241106489e-07
"Kiribati",7.73666032923859e-08
"Greece",8.59106079405464e-07
"Grenada",3.7809626537462e-07
"Guatemala",9.64688611044675e-07
"Guinea",1.86418103400361e-06
"Guyana",9.20195507939808e-07
"Haiti",1.62658856803127e-06
"Honduras",1.38030802583041e-06
"China, Hong Kong SAR",7.63671410103837e-07
"Hungary",6.03429496130344e-07
"Croatia",1.01427321815682e-06
"Iceland",4.87810417435597e-07
"India",6.32381173932119e-07
"Indonesia",7.09892001588636e-07
"Iran (Islamic Republic of)",8.38917449787308e-07
"Iraq",1.96290179247739e-06
"Ireland",1.96572838976974e-06
"Israel",8.21315760735981e-07
"Italy",7.97914308941396e-07
"Côte d'Ivoire",4.04625027233076e-07
"Kazakhstan",1.15295346005815e-06
"Jamaica",5.68867965000266e-07
"Japan",5.2170443265158e-07
"Jordan",1.04563792524028e-06
"Kyrgyzstan",1.01641995363409e-06
"Kenya",2.46404444492649e-06
"Cambodia",1.30817559342315e-06
"Democratic People's Republic of Korea",5.15460918017606e-07
"Republic of Korea",6.16373019326703e-07
"Kuwait",3.32357098084115e-06
"Latvia",5.4249336230804e-07
"Lao People's Democratic Republic",1.4306354998147e-06
"Lebanon",1.42894638152241e-06
"Lesotho",4.31376669031689e-06
"Liberia",5.29386793760108e-07
"Libya",8.35361031206975e-08
"Lithuania",5.9827379242043e-07
"China, Macao SAR",3.29210925765822e-06
"Madagascar",1.9598263547849e-06
"Malawi",7.87766153756625e-07
"Malaysia",5.60009450310452e-07
"Maldives",1.60605391388505e-08
"Mali",3.01121662617017e-06
"Malta",6.46635842368895e-07
"Mauritania",7.94318095071523e-06
"Mauritius",5.79408174922831e-07
"Mexico",1.18938879588426e-06
"Mongolia",1.08612121040187e-05
"Morocco",8.33318073102403e-07
"Mozambique",5.90132002367673e-07
"Republic of Moldova",5.36148778983178e-07
"Namibia",2.44672944500982e-06
"Nepal",6.88170778447488e-07
"Netherlands",8.40496556916691e-07
"Netherlands Antilles",NA
"New Caledonia",3.754689567435e-06
"North Macedonia",6.40320392218843e-07
"Vanuatu",1.93961311060909e-06
"New Zealand",1.87866223244678e-06
"Nicaragua",2.39485054616657e-06
"Niger",2.57585413868641e-06
"Nigeria",8.75829521703153e-07
"Norway",1.00859021765247e-06
"Pakistan",1.11486592507433e-06
"Panama",1.6910534492476e-06
"Czech Republic",5.71891402146039e-07
"Papua New Guinea",3.43974136789048e-07
"Paraguay",3.49818706297506e-06
"Peru",7.63620956202486e-07
"Philippines",5.14740149586385e-07
"Poland",7.16701591935353e-07
"Portugal",7.64333895394596e-07
"Guinea-Bissau",2.50763497110536e-06
"Timor-Leste",2.20275783183476e-06
"Puerto Rico",NA
"Eritrea",1.6702001350304e-06
"Qatar",4.46843273954095e-06
"Zimbabwe",3.31926283476189e-06
"Romania",7.19149498624495e-07
"Rwanda",4.50133481483884e-07
"Russian Federation",6.20241405330707e-07
"Serbia and Montenegro",NA
"Saint Kitts and Nevis",2.11076232426856e-07
"Saint Lucia",3.28044241960824e-07
"Saint Vincent and the Grenadines",2.06975754677701e-07
"Sao Tome and Principe",1.50426340758474e-07
"Saudi Arabia",2.51360576864052e-06
"Senegal",3.68924532649481e-06
"Sierra Leone",5.31477371874449e-07
"Slovenia",9.04480373807966e-07
"Slovakia",6.10789578914326e-07
"Singapore",4.58743016257112e-07
"Somalia",1.82274249205309e-05
"South Africa",1.24825524556884e-06
"Spain",8.53057806897317e-07
"Suriname",7.65908752565353e-07
"Tajikistan",1.45136813622403e-06
"Eswatini",1.898306770134e-06
"Sweden",9.09597485384872e-07
"Switzerland",8.73833958082342e-07
"Syrian Arab Republic",1.66451777335929e-07
"Turkmenistan",2.91290739013766e-06
"China, Taiwan Province of",5.31213423435692e-07
"United Republic of Tanzania",1.68843145901797e-06
"Thailand",5.84479819955145e-07
"Togo",9.96813020039258e-07
"Trinidad and Tobago",1.95987015618663e-06
"Oman",2.98965670097394e-06
"Tunisia",9.72636565104114e-07
"Turkey",7.12701585353386e-07
"United Arab Emirates",3.80261825157227e-06
"Uganda",1.45813980725318e-06
"USSR",NA
"United Kingdom",1.02232046581506e-06
"Ukraine",5.24222609342729e-07
"United States of America",8.60243743793092e-07
"Burkina Faso",2.45810557236966e-06
"Uruguay",3.09240045987937e-06
"Uzbekistan",1.18587318299619e-06
"Venezuela (Bolivarian Republic of)",2.15478079948736e-06
"Viet Nam",7.47553489979857e-07
"Ethiopia",2.95458587983222e-06
"Samoa",1.11409700801042e-06
"Yugoslav SFR",NA
"Yemen",3.05036308541864e-06
"Democratic Republic of the Congo",5.7047820613744e-07
"Zambia",1.20812775860262e-06
"Belgium",8.53969260152525e-07
"Luxembourg",8.62547420927827e-07
"Serbia",8.29629432183175e-07
"Montenegro",9.64085822277277e-07
"Sudan",1.19528455307224e-07
"South Sudan",NA
"RoW",0.000289319516406056
