"","V1"
"Armenia",7.079286602984e-07
"Afghanistan",1.18473743066058e-06
"Albania",1.38635779044836e-06
"Algeria",1.00711887677166e-06
"Angola",1.18412697617635e-06
"Antigua and Barbuda",6.69766268980308e-07
"Argentina",1.78058646104013e-06
"Australia",2.54090845987465e-06
"Austria",8.60251902378824e-07
"Bahamas",4.5324077180899e-07
"Bahrain",1.0934359654762e-06
"Barbados",8.53385104780243e-07
"Belgium-Luxembourg",NA
"Bangladesh",8.50185169380989e-07
"Bolivia (Plurinational State of)",3.84623559914328e-06
"Botswana",1.19406600491597e-05
"Brazil",2.07643549008117e-06
"Belize",3.59428841766225e-07
"Solomon Islands",1.73051442275417e-07
"Brunei Darussalam",3.12441578473239e-06
"Bulgaria",9.27230151053528e-07
"Myanmar",1.26691675723487e-06
"Burundi",5.71266709776741e-08
"Cameroon",1.23846338013335e-06
"Canada",9.35444321066113e-07
"Cabo Verde",1.36745666838039e-06
"Central African Republic",3.57675195799498e-06
"Sri Lanka",4.7859685000695e-07
"Chad",9.52298812467963e-06
"Chile",8.19627058993633e-07
"China, mainland",6.17876210538476e-07
"Colombia",1.7276618096439e-06
"Congo",3.65654321864621e-07
"Costa Rica",4.43872015544773e-07
"Cuba",1.26249453363747e-06
"Cyprus",1.07955958193251e-06
"Czechoslovakia",NA
"Azerbaijan",1.10022032582088e-06
"Benin",1.09961712730088e-06
"Denmark",1.03506232960332e-06
"Dominica",5.57729869940653e-07
"Dominican Republic",1.41210451516361e-06
"Belarus",1.14175012633816e-06
"Ecuador",8.4813702875614e-07
"Egypt",6.61750484362924e-07
"El Salvador",1.2840480651935e-06
"Estonia",7.33989851831688e-07
"Fiji",1.72188105790009e-06
"Finland",1.00367910554819e-06
"France",8.71547658724041e-07
"French Polynesia",2.02514519634189e-07
"Djibouti",3.27917394776551e-06
"Georgia",1.57448866295405e-06
"Gabon",5.57413225276585e-07
"Gambia",2.68749035160882e-06
"Germany",8.13262573666304e-07
"Bosnia and Herzegovina",1.03497964669531e-06
"Ghana",3.8754265821907e-07
"Kiribati",8.50906674161683e-08
"Greece",9.46148270300337e-07
"Grenada",3.66459660311717e-07
"Guatemala",9.20240412882082e-07
"Guinea",1.74599023023081e-06
"Guyana",8.53173582356539e-07
"Haiti",1.75583586937443e-06
"Honduras",1.41105147945685e-06
"China, Hong Kong SAR",9.52872639064806e-07
"Hungary",7.58073189860974e-07
"Croatia",1.0681741179238e-06
"Iceland",4.4461711951153e-07
"India",6.5907906160321e-07
"Indonesia",7.06964401355033e-07
"Iran (Islamic Republic of)",8.48199083972489e-07
"Iraq",1.63812963064332e-06
"Ireland",2.36942916536557e-06
"Israel",6.75604538382408e-07
"Italy",8.04930326785516e-07
"Côte d'Ivoire",4.32293409937376e-07
"Kazakhstan",1.03102024418576e-06
"Jamaica",6.22789916655363e-07
"Japan",5.32161666294691e-07
"Jordan",1.63857236962521e-06
"Kyrgyzstan",9.03971143350509e-07
"Kenya",2.67513636280434e-06
"Cambodia",1.41269309957037e-06
"Democratic People's Republic of Korea",5.24849634265808e-07
"Republic of Korea",5.9324460040279e-07
"Kuwait",6.29953074832757e-06
"Latvia",6.38393401493428e-07
"Lao People's Democratic Republic",1.51551941477294e-06
"Lebanon",1.0976196975572e-06
"Lesotho",3.69776728883428e-06
"Liberia",4.60972618989224e-07
"Libya",9.22432900706134e-07
"Lithuania",6.62309890643953e-07
"China, Macao SAR",3.48368993385072e-06
"Madagascar",2.08228589218467e-06
"Malawi",6.04876315359882e-07
"Malaysia",5.84879210437205e-07
"Maldives",1.18131460598868e-08
"Mali",2.96945588132284e-06
"Malta",1.05055893923577e-06
"Mauritania",8.12704020151037e-06
"Mauritius",4.59241006572486e-07
"Mexico",1.19345738127623e-06
"Mongolia",1.55922144319591e-05
"Morocco",1.07380280057152e-06
"Mozambique",6.92624560274841e-07
"Republic of Moldova",1.02084535058481e-06
"Namibia",1.90506383262709e-06
"Nepal",7.65313223597055e-07
"Netherlands",8.70745093812099e-07
"Netherlands Antilles",6.19929735799891e-08
"New Caledonia",4.05814466295864e-06
"North Macedonia",7.65388549974506e-07
"Vanuatu",2.07122342925624e-06
"New Zealand",1.76385072753987e-06
"Nicaragua",2.44788611983856e-06
"Niger",2.74496798694373e-06
"Nigeria",8.24968737166096e-07
"Norway",1.0501639159799e-06
"Pakistan",1.07445828267697e-06
"Panama",1.31129215584836e-06
"Czech Republic",6.52063858193501e-07
"Papua New Guinea",2.89205561363779e-07
"Paraguay",3.26862387042144e-06
"Peru",9.15210042580763e-07
"Philippines",5.40033756844995e-07
"Poland",7.22757756687779e-07
"Portugal",7.87452574930103e-07
"Guinea-Bissau",2.36982051083413e-06
"Timor-Leste",2.06646211673829e-06
"Puerto Rico",NA
"Eritrea",1.81690101808791e-07
"Qatar",2.05080883121951e-06
"Zimbabwe",2.68775223839447e-06
"Romania",1.06823233649099e-06
"Rwanda",4.67925465569913e-07
"Russian Federation",6.42421693590034e-07
"Serbia and Montenegro",NA
"Saint Kitts and Nevis",2.86139397727735e-07
"Saint Lucia",2.83220926271947e-07
"Saint Vincent and the Grenadines",2.61707064711241e-07
"Sao Tome and Principe",1.10548976074743e-07
"Saudi Arabia",2.14675785233102e-06
"Senegal",4.3629284818523e-06
"Sierra Leone",4.52178642770529e-07
"Slovenia",1.06408707166208e-06
"Slovakia",6.26886149773779e-07
"Singapore",3.91663792605693e-07
"Somalia",2.50424133350507e-05
"South Africa",1.38551472065265e-06
"Spain",1.0450455612172e-06
"Suriname",8.58211979984231e-07
"Tajikistan",1.3304615056589e-06
"Eswatini",1.15409903739246e-06
"Sweden",9.25438859552746e-07
"Switzerland",8.86639748466794e-07
"Syrian Arab Republic",3.34572007247097e-07
"Turkmenistan",2.4641305258023e-06
"China, Taiwan Province of",6.16241918494531e-07
"United Republic of Tanzania",1.66779751833335e-06
"Thailand",6.08378763469104e-07
"Togo",1.09307051925542e-06
"Trinidad and Tobago",1.21121546180027e-06
"Oman",2.42692244727364e-06
"Tunisia",1.10045775682046e-06
"Turkey",7.63454203016563e-07
"United Arab Emirates",3.91770014565252e-06
"Uganda",9.05947752604567e-07
"USSR",NA
"United Kingdom",1.11666496120955e-06
"Ukraine",6.04354892334731e-07
"United States of America",9.40179892868923e-07
"Burkina Faso",2.64940191490222e-06
"Uruguay",4.32666963241401e-06
"Uzbekistan",1.17807679121013e-06
"Venezuela (Bolivarian Republic of)",2.51118964083306e-06
"Viet Nam",8.38260030604335e-07
"Ethiopia",3.22555742836911e-06
"Samoa",9.01191647996102e-07
"Yugoslav SFR",NA
"Yemen",3.42168914759823e-06
"Democratic Republic of the Congo",8.46092014708551e-07
"Zambia",1.29542829753792e-06
"Belgium",9.11134428786126e-07
"Luxembourg",8.61405613831892e-07
"Serbia",9.43638585147737e-07
"Montenegro",1.00833621281221e-06
"Sudan",2.85864829713726e-08
"South Sudan",NA
"RoW",0.000148174430799473
