"","V1"
"Armenia",1.0048752874636e-06
"Afghanistan",1.70622225119405e-06
"Albania",1.71921984260491e-06
"Algeria",1.37894209818959e-06
"Angola",1.50259188132467e-06
"Antigua and Barbuda",1.36206246381192e-07
"Argentina",1.80377239731014e-06
"Australia",2.14106831633598e-06
"Austria",9.83409265406623e-07
"Bahamas",4.801520047637e-07
"Bahrain",4.66800645100198e-08
"Barbados",1.0153369049703e-06
"Belgium-Luxembourg",NA
"Bangladesh",1.18155688910464e-06
"Bolivia (Plurinational State of)",3.55533642149469e-06
"Botswana",1.17447072917154e-05
"Brazil",2.46573716545816e-06
"Belize",3.87162702907636e-07
"Solomon Islands",1.55197134699658e-07
"Brunei Darussalam",5.54982140435599e-06
"Bulgaria",1.01362499152821e-06
"Myanmar",1.47340645351518e-06
"Burundi",4.99773942045995e-08
"Cameroon",1.55445788577648e-06
"Canada",1.30647989842705e-06
"Cabo Verde",1.53121253279628e-06
"Central African Republic",3.23464830793451e-06
"Sri Lanka",7.03528762951501e-07
"Chad",9.4733999555687e-06
"Chile",1.07994350457325e-06
"China, mainland",1.0483489088271e-06
"Colombia",1.96075515672699e-06
"Congo",2.67473453751204e-07
"Costa Rica",7.49069462025821e-07
"Cuba",1.10529736567151e-06
"Cyprus",1.33502360633242e-06
"Czechoslovakia",NA
"Azerbaijan",1.26481117298254e-06
"Benin",1.13111896751283e-06
"Denmark",1.21333165506273e-06
"Dominica",4.78740390297768e-07
"Dominican Republic",1.26477342423521e-06
"Belarus",2.13574815413166e-06
"Ecuador",9.64167536446623e-07
"Egypt",9.16791444829636e-07
"El Salvador",1.52149568821824e-06
"Estonia",1.19631814147362e-06
"Fiji",1.63318931624374e-06
"Finland",1.32422341264082e-06
"France",1.18074436843931e-06
"French Polynesia",3.08196841842117e-07
"Djibouti",9.65309981834541e-06
"Georgia",1.77963047370768e-06
"Gabon",4.62400481341107e-07
"Gambia",2.44420354325239e-06
"Germany",1.00664049451933e-06
"Bosnia and Herzegovina",1.3810818169343e-06
"Ghana",4.18029403298566e-07
"Kiribati",4.74523971784899e-08
"Greece",9.75557995144324e-07
"Grenada",2.08282316361053e-07
"Guatemala",1.26241287680914e-06
"Guinea",1.39786984662522e-06
"Guyana",8.25247705265998e-07
"Haiti",1.64659373316871e-06
"Honduras",2.2323408219625e-06
"China, Hong Kong SAR",2.21170408326023e-06
"Hungary",1.04959807717549e-06
"Croatia",1.39568244156267e-06
"Iceland",3.80578647242777e-07
"India",9.64636948954269e-07
"Indonesia",9.37328657548916e-07
"Iran (Islamic Republic of)",1.18242409610418e-06
"Iraq",1.65665245936021e-06
"Ireland",2.57488322569322e-06
"Israel",8.4757390565222e-07
"Italy",1.05182059702364e-06
"Côte d'Ivoire",4.94508623878055e-07
"Kazakhstan",1.00898123846462e-06
"Jamaica",9.37025319738013e-07
"Japan",6.26257378873258e-07
"Jordan",1.51821599224881e-06
"Kyrgyzstan",1.04179909225233e-06
"Kenya",2.16481662595545e-06
"Cambodia",1.65539741800571e-06
"Democratic People's Republic of Korea",7.0563975793708e-07
"Republic of Korea",7.36902618711834e-07
"Kuwait",9.50090858282051e-06
"Latvia",1.10649037568677e-06
"Lao People's Democratic Republic",1.47697007297944e-06
"Lebanon",1.20299305422141e-06
"Lesotho",3.83753187324567e-06
"Liberia",4.05725642631746e-07
"Libya",1.35732431917604e-07
"Lithuania",1.34497985843722e-06
"China, Macao SAR",4.2069449409233e-06
"Madagascar",2.56074093578878e-06
"Malawi",6.47281325548045e-07
"Malaysia",9.1152133987065e-07
"Maldives",0
"Mali",2.63543928929744e-06
"Malta",8.74058254475549e-07
"Mauritania",8.8291608783254e-06
"Mauritius",7.94082678429414e-07
"Mexico",1.49440192807097e-06
"Mongolia",1.45505866294465e-05
"Morocco",1.3648030999766e-06
"Mozambique",8.20100228278055e-07
"Republic of Moldova",6.92470315563439e-07
"Namibia",4.39400781237328e-06
"Nepal",7.85518405411868e-07
"Netherlands",9.58468680462708e-07
"Netherlands Antilles",2.85801353819049e-08
"New Caledonia",5.28879564089677e-06
"North Macedonia",8.89558231534097e-07
"Vanuatu",1.53325095425773e-06
"New Zealand",2.19343324791227e-06
"Nicaragua",2.5214438335812e-06
"Niger",2.41209130031348e-06
"Nigeria",7.55822786797642e-07
"Norway",1.16637603103441e-06
"Pakistan",1.32148069218817e-06
"Panama",1.49654455177117e-06
"Czech Republic",1.00054526215009e-06
"Papua New Guinea",2.34546752532061e-07
"Paraguay",4.48006144724468e-06
"Peru",9.54341821705831e-07
"Philippines",8.15072690310188e-07
"Poland",1.07577116817812e-06
"Portugal",1.06515703501919e-06
"Guinea-Bissau",2.34645271234902e-06
"Timor-Leste",1.7632314996384e-06
"Puerto Rico",NA
"Eritrea",5.59528928463478e-07
"Qatar",1.00487815978698e-06
"Zimbabwe",2.56844823074358e-06
"Romania",9.40271654449322e-07
"Rwanda",3.17628004216911e-07
"Russian Federation",1.08645404495284e-06
"Serbia and Montenegro",1.1374824263205e-06
"Saint Kitts and Nevis",6.13781823525214e-07
"Saint Lucia",2.82033013611544e-07
"Saint Vincent and the Grenadines",3.6269078413791e-07
"Sao Tome and Principe",9.36883700308843e-08
"Saudi Arabia",2.79325140597869e-06
"Senegal",3.52827635014337e-06
"Sierra Leone",6.28360200285774e-07
"Slovenia",1.5642661574227e-06
"Slovakia",1.19390421866562e-06
"Singapore",2.09846137539119e-07
"Somalia",5.52566411945018e-05
"South Africa",1.52936241508733e-06
"Spain",1.22787581535145e-06
"Suriname",1.68616174589977e-06
"Tajikistan",1.24093352671741e-06
"Eswatini",1.26796533654859e-06
"Sweden",1.25096335435938e-06
"Switzerland",9.24406522032617e-07
"Syrian Arab Republic",1.27726500390687e-07
"Turkmenistan",2.42563048954504e-06
"China, Taiwan Province of",6.02425867517306e-07
"United Republic of Tanzania",1.97587108655095e-06
"Thailand",8.08210204631315e-07
"Togo",1.0671236010621e-06
"Trinidad and Tobago",1.33645440032016e-06
"Oman",2.2498533824777e-06
"Tunisia",1.29922775921929e-06
"Turkey",1.12485471118273e-06
"United Arab Emirates",3.3273039670541e-06
"Uganda",8.25515646063583e-07
"USSR",NA
"United Kingdom",1.43250465744752e-06
"Ukraine",9.67857132125374e-07
"United States of America",1.30533797343314e-06
"Burkina Faso",2.24031249512205e-06
"Uruguay",4.49509986429639e-06
"Uzbekistan",1.87326854455113e-06
"Venezuela (Bolivarian Republic of)",2.59423359628832e-06
"Viet Nam",1.23958605340707e-06
"Ethiopia",3.15871587362837e-06
"Samoa",8.62473420332612e-07
"Yugoslav SFR",NA
"Yemen",2.91691223655478e-06
"Democratic Republic of the Congo",2.94419319649379e-07
"Zambia",1.61830315511839e-06
"Belgium",7.9802467556633e-07
"Luxembourg",6.87884822746792e-07
"Serbia",NA
"Montenegro",NA
"Sudan",3.46390717966403e-09
"South Sudan",NA
"RoW",6.80915214720257e-05
